time,ghi_w_m2,temp_air_c,wind_speed_m_s,pressure_hpa
00:00,0,9.1,4.8,1012.0
01:00,0,9.1,4.8,1011.7
02:00,20,9.6,4.0,1011.5
03:00,133,10.7,3.6,1011.2
04:00,273,12.1,4.3,1011.0
05:00,417,13.9,4.7,1010.7
06:00,555,16.0,4.5,1010.4
07:00,674,18.0,5.1,1010.2
08:00,767,20.1,6.4,1009.9
09:00,827,21.9,6.9,1009.7
10:00,850,23.3,7.1,1009.4
11:00,834,24.4,8.1,1009.1
12:00,782,24.9,9.1,1008.9
13:00,695,24.9,9.1,1008.6
14:00,580,24.4,9.0,1008.3
15:00,446,23.3,9.6,1008.1
16:00,302,21.9,9.8,1007.8
17:00,160,20.1,8.9,1007.6
18:00,39,18.0,8.4,1007.3
19:00,0,16.0,8.4,1007.0
20:00,0,13.9,7.7,1006.8
21:00,0,12.1,6.4,1006.5
22:00,0,10.7,5.9,1006.3
23:00,0,9.6,5.8,1006.0
