# NACA 0015 lift (cl) and drag (cd) coefficients, 0-180 deg angle of attack (spec 0004, VAWT-010).
# Source: R. E. Sheldahl, P. C. Klimas, SAND80-2114, Sandia National Laboratories, 1981, Table 3;
# machine-readable copy from Sandia's CACTUS code, test/Airfoil_Section_Data/NACA_0015.dat
# (github.com/sandialabs/CACTUS, BSD-3-Clause, see CACTUS-LICENSE.txt), alpha >= 0 rows only
# (the file is symmetric: cl(-a) = -cl(a), cd(-a) = cd(a)).
re,alpha_deg,cl,cd
10000,0,0.0000,0.0360
10000,1,0.0434,0.0362
10000,2,0.0715,0.0366
10000,3,0.0725,0.0373
10000,4,0.0581,0.0383
10000,5,0.0162,0.0393
10000,6,-0.0781,0.0400
10000,7,-0.1517,0.0510
10000,8,-0.1484,0.0640
10000,9,-0.1194,0.0770
10000,10,-0.0791,0.0910
10000,11,-0.0348,0.1070
10000,12,0.0138,0.1230
10000,13,0.0649,0.1400
10000,14,0.1172,0.1580
10000,15,0.1706,0.1770
10000,16,0.2242,0.1960
10000,17,0.2780,0.2170
10000,18,0.3319,0.2380
10000,19,0.3859,0.2600
10000,20,0.4399,0.2820
10000,21,0.4939,0.3050
10000,22,0.5479,0.3290
10000,23,0.6019,0.3540
10000,24,0.6559,0.3790
10000,25,0.7099,0.4050
10000,26,0.7639,0.4320
10000,27,0.8174,0.4600
10000,30,0.8550,0.5700
10000,35,0.9800,0.7450
10000,40,1.0350,0.9200
10000,45,1.0500,1.0750
10000,50,1.0200,1.2150
10000,55,0.9550,1.3450
10000,60,0.8750,1.4700
10000,65,0.7600,1.5750
10000,70,0.6300,1.6650
10000,75,0.5000,1.7350
10000,80,0.3650,1.7800
10000,85,0.2300,1.8000
10000,90,0.0900,1.8000
10000,95,-0.0500,1.7800
10000,100,-0.1850,1.7500
10000,105,-0.3200,1.7000
10000,110,-0.4500,1.6350
10000,115,-0.5750,1.5550
10000,120,-0.6700,1.4650
10000,125,-0.7600,1.3500
10000,130,-0.8500,1.2250
10000,135,-0.9300,1.0850
10000,140,-0.9800,0.9250
10000,145,-0.9000,0.7550
10000,150,-0.7700,0.5750
10000,155,-0.6700,0.4200
10000,160,-0.6350,0.3200
10000,165,-0.6800,0.2300
10000,170,-0.8500,0.1400
10000,175,-0.6600,0.0550
10000,180,0.0000,0.0250
20000,0,0.0000,0.0265
20000,1,0.0891,0.0267
20000,2,0.1740,0.0271
20000,3,0.2452,0.0279
20000,4,0.3041,0.0290
20000,5,0.3359,0.0303
20000,6,0.3001,0.0410
20000,7,0.0570,0.0510
20000,8,-0.1104,0.0640
20000,9,-0.1050,0.0770
20000,10,-0.0728,0.0910
20000,11,-0.0300,0.1070
20000,12,0.0173,0.1230
20000,13,0.0678,0.1400
20000,14,0.1193,0.1580
20000,15,0.1721,0.1770
20000,16,0.2256,0.1960
20000,17,0.2792,0.2170
20000,18,0.3331,0.2380
20000,19,0.3869,0.2600
20000,20,0.4409,0.2820
20000,21,0.4949,0.3050
20000,22,0.5489,0.3290
20000,23,0.6029,0.3540
20000,24,0.6569,0.3790
20000,25,0.7109,0.4050
20000,26,0.7649,0.4320
20000,27,0.8191,0.4600
20000,30,0.8550,0.5700
20000,35,0.9800,0.7450
20000,40,1.0350,0.9200
20000,45,1.0500,1.0750
20000,50,1.0200,1.2150
20000,55,0.9550,1.3450
20000,60,0.8750,1.4700
20000,65,0.7600,1.5750
20000,70,0.6300,1.6650
20000,75,0.5000,1.7350
20000,80,0.3650,1.7800
20000,85,0.2300,1.8000
20000,90,0.0900,1.8000
20000,95,-0.0500,1.7800
20000,100,-0.1850,1.7500
20000,105,-0.3200,1.7000
20000,110,-0.4500,1.6350
20000,115,-0.5750,1.5550
20000,120,-0.6700,1.4650
20000,125,-0.7600,1.3500
20000,130,-0.8500,1.2250
20000,135,-0.9300,1.0850
20000,140,-0.9800,0.9250
20000,145,-0.9000,0.7550
20000,150,-0.7700,0.5750
20000,155,-0.6700,0.4200
20000,160,-0.6350,0.3200
20000,165,-0.6800,0.2300
20000,170,-0.8500,0.1400
20000,175,-0.6600,0.0550
20000,180,0.0000,0.0250
40000,0,0.0000,0.0196
40000,1,0.1054,0.0198
40000,2,0.2099,0.0202
40000,3,0.3078,0.0209
40000,4,0.4017,0.0219
40000,5,0.4871,0.0232
40000,6,0.5551,0.0249
40000,7,0.5730,0.0267
40000,8,0.4663,0.0520
40000,9,0.0433,0.0770
40000,10,-0.0413,0.0910
40000,11,-0.0144,0.1070
40000,12,0.0261,0.1230
40000,13,0.0741,0.1400
40000,14,0.1244,0.1580
40000,15,0.1756,0.1770
40000,16,0.2280,0.1960
40000,17,0.2815,0.2170
40000,18,0.3351,0.2380
40000,19,0.3889,0.2600
40000,20,0.4427,0.2820
40000,21,0.4966,0.3050
40000,22,0.5506,0.3290
40000,23,0.6045,0.3540
40000,24,0.6585,0.3790
40000,25,0.7125,0.4050
40000,26,0.7666,0.4320
40000,27,0.8222,0.4600
40000,30,0.8550,0.5700
40000,35,0.9800,0.7450
40000,40,1.0350,0.9200
40000,45,1.0500,1.0750
40000,50,1.0200,1.2150
40000,55,0.9550,1.3450
40000,60,0.8750,1.4700
40000,65,0.7600,1.5750
40000,70,0.6300,1.6650
40000,75,0.5000,1.7350
40000,80,0.3650,1.7800
40000,85,0.2300,1.8000
40000,90,0.0900,1.8000
40000,95,-0.0500,1.7800
40000,100,-0.1850,1.7500
40000,105,-0.3200,1.7000
40000,110,-0.4500,1.6350
40000,115,-0.5750,1.5550
40000,120,-0.6700,1.4650
40000,125,-0.7600,1.3500
40000,130,-0.8500,1.2250
40000,135,-0.9300,1.0850
40000,140,-0.9800,0.9250
40000,145,-0.9000,0.7550
40000,150,-0.7700,0.5750
40000,155,-0.6700,0.4200
40000,160,-0.6350,0.3200
40000,165,-0.6800,0.2300
40000,170,-0.8500,0.1400
40000,175,-0.6600,0.0550
40000,180,0.0000,0.0250
80000,0,0.0000,0.0147
80000,1,0.1100,0.0148
80000,2,0.2200,0.0151
80000,3,0.3300,0.0156
80000,4,0.4186,0.0168
80000,5,0.5180,0.0181
80000,6,0.6048,0.0197
80000,7,0.6760,0.0214
80000,8,0.7189,0.0234
80000,9,0.6969,0.0255
80000,10,0.5122,0.0277
80000,11,0.1642,0.0760
80000,12,0.0749,0.1230
80000,13,0.0967,0.1400
80000,14,0.1382,0.1580
80000,15,0.1861,0.1770
80000,16,0.2364,0.1960
80000,17,0.2873,0.2170
80000,18,0.3393,0.2380
80000,19,0.3927,0.2600
80000,20,0.4463,0.2820
80000,21,0.5001,0.3050
80000,22,0.5539,0.3290
80000,23,0.6078,0.3540
80000,24,0.6617,0.3790
80000,25,0.7156,0.4050
80000,26,0.7700,0.4320
80000,27,0.8277,0.4600
80000,30,0.8550,0.5700
80000,35,0.9800,0.7450
80000,40,1.0350,0.9200
80000,45,1.0500,1.0750
80000,50,1.0200,1.2150
80000,55,0.9550,1.3450
80000,60,0.8750,1.4700
80000,65,0.7600,1.5750
80000,70,0.6300,1.6650
80000,75,0.5000,1.7350
80000,80,0.3650,1.7800
80000,85,0.2300,1.8000
80000,90,0.0900,1.8000
80000,95,-0.0500,1.7800
80000,100,-0.1850,1.7500
80000,105,-0.3200,1.7000
80000,110,-0.4500,1.6350
80000,115,-0.5750,1.5550
80000,120,-0.6700,1.4650
80000,125,-0.7600,1.3500
80000,130,-0.8500,1.2250
80000,135,-0.9300,1.0850
80000,140,-0.9800,0.9250
80000,145,-0.9000,0.7550
80000,150,-0.7700,0.5750
80000,155,-0.6700,0.4200
80000,160,-0.6350,0.3200
80000,165,-0.6800,0.2300
80000,170,-0.8500,0.1400
80000,175,-0.6600,0.0550
80000,180,0.0000,0.0250
160000,0,0.0000,0.0116
160000,1,0.1100,0.0117
160000,2,0.2200,0.0120
160000,3,0.3300,0.0124
160000,4,0.4400,0.0132
160000,5,0.5500,0.0142
160000,6,0.6299,0.0160
160000,7,0.7150,0.0176
160000,8,0.7851,0.0193
160000,9,0.8311,0.0212
160000,10,0.8322,0.0233
160000,11,0.7623,0.0256
160000,12,0.5936,0.0281
160000,13,0.3548,0.0302
160000,14,0.2371,0.1040
160000,15,0.2376,0.1770
160000,16,0.2665,0.1970
160000,17,0.3098,0.2170
160000,18,0.3567,0.2380
160000,19,0.4066,0.2600
160000,20,0.4575,0.2820
160000,21,0.5087,0.3050
160000,22,0.5611,0.3290
160000,23,0.6148,0.3540
160000,24,0.6685,0.3790
160000,25,0.7224,0.4050
160000,26,0.7771,0.4320
160000,27,0.8382,0.4600
160000,30,0.8550,0.5700
160000,35,0.9800,0.7450
160000,40,1.0350,0.9200
160000,45,1.0500,1.0750
160000,50,1.0200,1.2150
160000,55,0.9550,1.3450
160000,60,0.8750,1.4700
160000,65,0.7600,1.5750
160000,70,0.6300,1.6650
160000,75,0.5000,1.7350
160000,80,0.3650,1.7800
160000,85,0.2300,1.8000
160000,90,0.0900,1.8000
160000,95,-0.0500,1.7800
160000,100,-0.1850,1.7500
160000,105,-0.3200,1.7000
160000,110,-0.4500,1.6350
160000,115,-0.5750,1.5550
160000,120,-0.6700,1.4650
160000,125,-0.7600,1.3500
160000,130,-0.8500,1.2250
160000,135,-0.9300,1.0850
160000,140,-0.9800,0.9250
160000,145,-0.9000,0.7550
160000,150,-0.7700,0.5750
160000,155,-0.6700,0.4200
160000,160,-0.6350,0.3200
160000,165,-0.6800,0.2300
160000,170,-0.8500,0.1400
160000,175,-0.6600,0.0550
160000,180,0.0000,0.0250
360000,0,0.0000,0.0091
360000,1,0.1100,0.0092
360000,2,0.2200,0.0094
360000,3,0.3300,0.0098
360000,4,0.4400,0.0105
360000,5,0.5500,0.0114
360000,6,0.6600,0.0126
360000,7,0.7390,0.0143
360000,8,0.8240,0.0157
360000,9,0.8946,0.0173
360000,10,0.9440,0.0191
360000,11,0.9572,0.0211
360000,12,0.9285,0.0233
360000,13,0.8562,0.0257
360000,14,0.7483,0.0283
360000,15,0.6350,0.0312
360000,16,0.5384,0.1240
360000,17,0.4851,0.2170
360000,18,0.4782,0.2380
360000,19,0.4908,0.2600
360000,20,0.5247,0.2820
360000,21,0.5616,0.3050
360000,22,0.6045,0.3290
360000,23,0.6528,0.3540
360000,24,0.7015,0.3790
360000,25,0.7511,0.4050
360000,26,0.8055,0.4320
360000,27,0.8788,0.4600
360000,30,0.8550,0.5700
360000,35,0.9800,0.7450
360000,40,1.0350,0.9200
360000,45,1.0500,1.0750
360000,50,1.0200,1.2150
360000,55,0.9550,1.3450
360000,60,0.8750,1.4700
360000,65,0.7600,1.5750
360000,70,0.6300,1.6650
360000,75,0.5000,1.7350
360000,80,0.3650,1.7800
360000,85,0.2300,1.8000
360000,90,0.0900,1.8000
360000,95,-0.0500,1.7800
360000,100,-0.1850,1.7500
360000,105,-0.3200,1.7000
360000,110,-0.4500,1.6350
360000,115,-0.5750,1.5550
360000,120,-0.6700,1.4650
360000,125,-0.7600,1.3500
360000,130,-0.8500,1.2250
360000,135,-0.9300,1.0850
360000,140,-0.9800,0.9250
360000,145,-0.9000,0.7550
360000,150,-0.7700,0.5750
360000,155,-0.6700,0.4200
360000,160,-0.6350,0.3200
360000,165,-0.6800,0.2300
360000,170,-0.8500,0.1400
360000,175,-0.6600,0.0550
360000,180,0.0000,0.0250
700000,0,0.0000,0.0077
700000,1,0.1100,0.0078
700000,2,0.2200,0.0080
700000,3,0.3300,0.0083
700000,4,0.4400,0.0089
700000,5,0.5500,0.0098
700000,6,0.6600,0.0108
700000,7,0.7483,0.0122
700000,8,0.8442,0.0135
700000,9,0.9260,0.0149
700000,10,0.9937,0.0164
700000,11,1.0363,0.0182
700000,12,1.0508,0.0200
700000,13,1.0302,0.0221
700000,14,0.9801,0.0244
700000,15,0.9119,0.0269
700000,16,0.8401,0.0297
700000,17,0.7799,0.1340
700000,18,0.7305,0.2380
700000,19,0.7041,0.2600
700000,20,0.6990,0.2820
700000,21,0.7097,0.3050
700000,22,0.7298,0.3290
700000,23,0.7593,0.3540
700000,24,0.7961,0.3790
700000,25,0.8353,0.4050
700000,26,0.8838,0.4320
700000,27,0.9473,0.4600
700000,30,0.8550,0.5700
700000,35,0.9800,0.7450
700000,40,1.0350,0.9200
700000,45,1.0500,1.0750
700000,50,1.0200,1.2150
700000,55,0.9550,1.3450
700000,60,0.8750,1.4700
700000,65,0.7600,1.5750
700000,70,0.6300,1.6650
700000,75,0.5000,1.7350
700000,80,0.3650,1.7800
700000,85,0.2300,1.8000
700000,90,0.0900,1.8000
700000,95,-0.0500,1.7800
700000,100,-0.1850,1.7500
700000,105,-0.3200,1.7000
700000,110,-0.4500,1.6350
700000,115,-0.5750,1.5550
700000,120,-0.6700,1.4650
700000,125,-0.7600,1.3500
700000,130,-0.8500,1.2250
700000,135,-0.9300,1.0850
700000,140,-0.9800,0.9250
700000,145,-0.9000,0.7550
700000,150,-0.7700,0.5750
700000,155,-0.6700,0.4200
700000,160,-0.6350,0.3200
700000,165,-0.6800,0.2300
700000,170,-0.8500,0.1400
700000,175,-0.6600,0.0550
700000,180,0.0000,0.0250
1000000,0,0.0000,0.0074
1000000,1,0.1100,0.0075
1000000,2,0.2200,0.0076
1000000,3,0.3300,0.0079
1000000,4,0.4400,0.0083
1000000,5,0.5500,0.0091
1000000,6,0.6600,0.0101
1000000,7,0.7700,0.0111
1000000,8,0.8504,0.0126
1000000,9,0.9387,0.0138
1000000,10,1.0141,0.0152
1000000,11,1.0686,0.0168
1000000,12,1.0971,0.0186
1000000,13,1.0957,0.0205
1000000,14,1.0656,0.0225
1000000,15,1.0145,0.0249
1000000,16,0.9567,0.0275
1000000,17,0.8996,0.0303
1000000,18,0.8566,0.1450
1000000,19,0.8226,0.2600
1000000,20,0.8089,0.2820
1000000,21,0.8063,0.3050
1000000,22,0.8189,0.3290
1000000,23,0.8408,0.3540
1000000,24,0.8668,0.3790
1000000,25,0.9023,0.4050
1000000,26,0.9406,0.4320
1000000,27,0.9912,0.4600
1000000,30,0.8550,0.5700
1000000,35,0.9800,0.7450
1000000,40,1.0350,0.9200
1000000,45,1.0500,1.0750
1000000,50,1.0200,1.2150
1000000,55,0.9550,1.3450
1000000,60,0.8750,1.4700
1000000,65,0.7600,1.5750
1000000,70,0.6300,1.6650
1000000,75,0.5000,1.7350
1000000,80,0.3650,1.7800
1000000,85,0.2300,1.8000
1000000,90,0.0900,1.8000
1000000,95,-0.0500,1.7800
1000000,100,-0.1850,1.7500
1000000,105,-0.3200,1.7000
1000000,110,-0.4500,1.6350
1000000,115,-0.5750,1.5550
1000000,120,-0.6700,1.4650
1000000,125,-0.7600,1.3500
1000000,130,-0.8500,1.2250
1000000,135,-0.9300,1.0850
1000000,140,-0.9800,0.9250
1000000,145,-0.9000,0.7550
1000000,150,-0.7700,0.5750
1000000,155,-0.6700,0.4200
1000000,160,-0.6350,0.3200
1000000,165,-0.6800,0.2300
1000000,170,-0.8500,0.1400
1000000,175,-0.6600,0.0550
1000000,180,0.0000,0.0250
2000000,0,0.0000,0.0070
2000000,1,0.1100,0.0071
2000000,2,0.2200,0.0072
2000000,3,0.3300,0.0075
2000000,4,0.4400,0.0078
2000000,5,0.5500,0.0083
2000000,6,0.6600,0.0090
2000000,7,0.7700,0.0098
2000000,8,0.8800,0.0108
2000000,9,0.9574,0.0121
2000000,10,1.0433,0.0133
2000000,11,1.1138,0.0146
2000000,12,1.1667,0.0161
2000000,13,1.1948,0.0177
2000000,14,1.1962,0.0195
2000000,15,1.1744,0.0215
2000000,16,1.1356,0.0237
2000000,17,1.0921,0.0261
2000000,18,1.0510,0.0288
2000000,19,1.0173,0.1550
2000000,20,0.9954,0.2820
2000000,21,0.9837,0.3050
2000000,22,0.9827,0.3290
2000000,23,0.9910,0.3540
2000000,24,1.0078,0.3790
2000000,25,1.0317,0.4050
2000000,26,1.0591,0.4320
2000000,27,1.0810,0.4600
2000000,30,0.8550,0.5700
2000000,35,0.9800,0.7450
2000000,40,1.0350,0.9200
2000000,45,1.0500,1.0750
2000000,50,1.0200,1.2150
2000000,55,0.9550,1.3450
2000000,60,0.8750,1.4700
2000000,65,0.7600,1.5750
2000000,70,0.6300,1.6650
2000000,75,0.5000,1.7350
2000000,80,0.3650,1.7800
2000000,85,0.2300,1.8000
2000000,90,0.0900,1.8000
2000000,95,-0.0500,1.7800
2000000,100,-0.1850,1.7500
2000000,105,-0.3200,1.7000
2000000,110,-0.4500,1.6350
2000000,115,-0.5750,1.5550
2000000,120,-0.6700,1.4650
2000000,125,-0.7600,1.3500
2000000,130,-0.8500,1.2250
2000000,135,-0.9300,1.0850
2000000,140,-0.9800,0.9250
2000000,145,-0.9000,0.7550
2000000,150,-0.7700,0.5750
2000000,155,-0.6700,0.4200
2000000,160,-0.6350,0.3200
2000000,165,-0.6800,0.2300
2000000,170,-0.8500,0.1400
2000000,175,-0.6600,0.0550
2000000,180,0.0000,0.0250
5000000,0,0.0000,0.0068
5000000,1,0.1100,0.0069
5000000,2,0.2200,0.0070
5000000,3,0.3300,0.0073
5000000,4,0.4400,0.0075
5000000,5,0.5500,0.0080
5000000,6,0.6600,0.0084
5000000,7,0.7700,0.0089
5000000,8,0.8800,0.0095
5000000,9,0.9900,0.0102
5000000,10,1.0685,0.0113
5000000,11,1.1553,0.0124
5000000,12,1.2290,0.0136
5000000,13,1.2847,0.0149
5000000,14,1.3187,0.0164
5000000,15,1.3298,0.0180
5000000,16,1.3186,0.0198
5000000,17,1.2917,0.0218
5000000,18,1.2576,0.0240
5000000,19,1.2242,0.0265
5000000,20,1.1965,0.1660
5000000,21,1.1771,0.3050
5000000,22,1.1647,0.3290
5000000,23,1.1611,0.3540
5000000,24,1.1563,0.3790
5000000,25,1.1322,0.4050
5000000,26,1.1268,0.4320
5000000,27,1.1397,0.4600
5000000,30,0.8550,0.5700
5000000,35,0.9800,0.7450
5000000,40,1.0350,0.9200
5000000,45,1.0500,1.0750
5000000,50,1.0200,1.2150
5000000,55,0.9550,1.3450
5000000,60,0.8750,1.4700
5000000,65,0.7600,1.5750
5000000,70,0.6300,1.6650
5000000,75,0.5000,1.7350
5000000,80,0.3650,1.7800
5000000,85,0.2300,1.8000
5000000,90,0.0900,1.8000
5000000,95,-0.0500,1.7800
5000000,100,-0.1850,1.7500
5000000,105,-0.3200,1.7000
5000000,110,-0.4500,1.6350
5000000,115,-0.5750,1.5550
5000000,120,-0.6700,1.4650
5000000,125,-0.7600,1.3500
5000000,130,-0.8500,1.2250
5000000,135,-0.9300,1.0850
5000000,140,-0.9800,0.9250
5000000,145,-0.9000,0.7550
5000000,150,-0.7700,0.5750
5000000,155,-0.6700,0.4200
5000000,160,-0.6350,0.3200
5000000,165,-0.6800,0.2300
5000000,170,-0.8500,0.1400
5000000,175,-0.6600,0.0550
5000000,180,0.0000,0.0250
10000000,0,0.0000,0.0068
10000000,1,0.1100,0.0068
10000000,2,0.2200,0.0069
10000000,3,0.3300,0.0071
10000000,4,0.4400,0.0074
10000000,5,0.5500,0.0077
10000000,6,0.6600,0.0081
10000000,7,0.7700,0.0086
10000000,8,0.8800,0.0090
10000000,9,0.9900,0.0096
10000000,10,1.1000,0.0103
10000000,11,1.1749,0.0114
10000000,12,1.2591,0.0123
10000000,13,1.3300,0.0134
10000000,14,1.3825,0.0147
10000000,15,1.4136,0.0161
10000000,16,1.4233,0.0176
10000000,17,1.4136,0.0194
10000000,18,1.3897,0.0213
10000000,19,1.3608,0.0234
10000000,20,1.3325,0.0257
10000000,21,1.3077,0.1770
10000000,22,1.2767,0.3290
10000000,23,1.1981,0.3540
10000000,24,1.1538,0.3790
10000000,25,1.1380,0.4050
10000000,26,1.1374,0.4320
10000000,27,1.1519,0.4600
10000000,30,0.8550,0.5700
10000000,35,0.9800,0.7450
10000000,40,1.0350,0.9200
10000000,45,1.0500,1.0750
10000000,50,1.0200,1.2150
10000000,55,0.9550,1.3450
10000000,60,0.8750,1.4700
10000000,65,0.7600,1.5750
10000000,70,0.6300,1.6650
10000000,75,0.5000,1.7350
10000000,80,0.3650,1.7800
10000000,85,0.2300,1.8000
10000000,90,0.0900,1.8000
10000000,95,-0.0500,1.7800
10000000,100,-0.1850,1.7500
10000000,105,-0.3200,1.7000
10000000,110,-0.4500,1.6350
10000000,115,-0.5750,1.5550
10000000,120,-0.6700,1.4650
10000000,125,-0.7600,1.3500
10000000,130,-0.8500,1.2250
10000000,135,-0.9300,1.0850
10000000,140,-0.9800,0.9250
10000000,145,-0.9000,0.7550
10000000,150,-0.7700,0.5750
10000000,155,-0.6700,0.4200
10000000,160,-0.6350,0.3200
10000000,165,-0.6800,0.2300
10000000,170,-0.8500,0.1400
10000000,175,-0.6600,0.0550
10000000,180,0.0000,0.0250
